{"cameraMode":{"drawMode":0,"name":"Shaded","section":"Shading Mode"},"sceneLighting":false,"audioPlay":false,"sceneViewState":{"showFog":true,"showMaterialUpdate":false,"showSkybox":false,"showFlares":true,"showImageEffects":true,"showParticleSystems":true},"in2DMode":false,"pivot":{"x":-4.572421550750732,"y":7.250010013580322,"z":-0.765099048614502},"rotation":{"x":-0.00183422164991498,"y":0.9970861673355103,"z":-0.025431176647543908,"w":-0.07191453129053116},"size":14.860950469970704,"orthographic":false}