{"cameraMode":{"drawMode":0,"name":"Shaded","section":"Shading Mode"},"sceneLighting":true,"audioPlay":false,"sceneViewState":{"showFog":true,"showMaterialUpdate":false,"showSkybox":true,"showFlares":true,"showImageEffects":true,"showParticleSystems":true},"in2DMode":false,"pivot":{"x":184.91555786132813,"y":8.1796875,"z":-95.6171875},"rotation":{"x":0.27048593759536745,"y":-0.001444087247364223,"z":0.0004057383630424738,"w":0.9627231955528259},"size":64.3207778930664,"orthographic":true}