{"cameraMode":{"drawMode":0,"name":"Shaded","section":"Shading Mode"},"sceneLighting":true,"audioPlay":false,"sceneViewState":{"showFog":true,"showMaterialUpdate":false,"showSkybox":true,"showFlares":true,"showImageEffects":true,"showParticleSystems":true},"in2DMode":false,"pivot":{"x":981.9801025390625,"y":495.41253662109377,"z":1187.772705078125},"rotation":{"x":0.020395366474986078,"y":-0.011997154913842678,"z":0.00024517608107998967,"w":0.9997261166572571},"size":1080.1348876953125,"orthographic":false}