{"cameraMode":{"drawMode":0,"name":"Shaded","section":"Shading Mode"},"sceneLighting":true,"audioPlay":false,"sceneViewState":{"showFog":true,"showMaterialUpdate":false,"showSkybox":true,"showFlares":true,"showImageEffects":true,"showParticleSystems":true},"in2DMode":false,"pivot":{"x":239.182861328125,"y":-162.58131408691407,"z":71.48794555664063},"rotation":{"x":0.37737035751342776,"y":0.013890228234231472,"z":-0.005660718306899071,"w":0.9259434938430786},"size":251.9879150390625,"orthographic":false}