{"cameraMode":{"drawMode":0,"name":"Shaded","section":"Shading Mode"},"sceneLighting":true,"audioPlay":false,"sceneViewState":{"showFog":true,"showMaterialUpdate":false,"showSkybox":true,"showFlares":true,"showImageEffects":true,"showParticleSystems":true},"in2DMode":false,"pivot":{"x":134.83221435546876,"y":18.9609375,"z":-93.8203125},"rotation":{"x":0.32914435863494875,"y":0.0028330523055046798,"z":-0.0009875163668766618,"w":0.9442778825759888},"size":44.4758415222168,"orthographic":true}