{"cameraMode":{"drawMode":0,"name":"Shaded","section":"Shading Mode"},"sceneLighting":true,"audioPlay":false,"sceneViewState":{"showFog":true,"showMaterialUpdate":false,"showSkybox":true,"showFlares":true,"showImageEffects":true,"showParticleSystems":true},"in2DMode":false,"pivot":{"x":229.17642211914063,"y":0.37039387226104739,"z":-87.81086730957031},"rotation":{"x":0.15832436084747315,"y":0.008886351250112057,"z":-0.0014249567175284029,"w":0.9873455166816711},"size":122.66273498535156,"orthographic":false}