{"cameraMode":{"drawMode":0,"name":"Shaded","section":"Shading Mode"},"sceneLighting":false,"audioPlay":false,"sceneViewState":{"showFog":true,"showMaterialUpdate":false,"showSkybox":false,"showFlares":true,"showImageEffects":true,"showParticleSystems":true},"in2DMode":false,"pivot":{"x":165.8334197998047,"y":1.063467025756836,"z":-127.62406158447266},"rotation":{"x":0.3410186767578125,"y":-0.0014100519474595786,"z":0.0005117388791404665,"w":0.940057635307312},"size":3.591322422027588,"orthographic":false}