{"cameraMode":{"drawMode":0,"name":"Shaded","section":"Shading Mode"},"sceneLighting":false,"audioPlay":false,"sceneViewState":{"showFog":true,"showMaterialUpdate":false,"showSkybox":false,"showFlares":true,"showImageEffects":true,"showParticleSystems":true},"in2DMode":false,"pivot":{"x":118.80000305175781,"y":-2.0999984741210939,"z":-84.0999984741211},"rotation":{"x":0.27048593759536745,"y":-0.001444087247364223,"z":0.0004057383630424738,"w":0.9627231955528259},"size":153.74366760253907,"orthographic":true}