{"cameraMode":{"drawMode":0,"name":"Shaded","section":"Shading Mode"},"sceneLighting":true,"audioPlay":false,"sceneViewState":{"showFog":true,"showMaterialUpdate":false,"showSkybox":true,"showFlares":true,"showImageEffects":true,"showParticleSystems":true},"in2DMode":false,"pivot":{"x":182.98268127441407,"y":-18.790504455566408,"z":-2.802947998046875},"rotation":{"x":0.19461162388324738,"y":0.01912585087120533,"z":-0.0037964473012834789,"w":0.9806891679763794},"size":107.0248794555664,"orthographic":false}