{"cameraMode":{"drawMode":0,"name":"Shaded","section":"Shading Mode"},"sceneLighting":false,"audioPlay":false,"sceneViewState":{"showFog":true,"showMaterialUpdate":false,"showSkybox":false,"showFlares":true,"showImageEffects":true,"showParticleSystems":true},"in2DMode":false,"pivot":{"x":1.3000001907348633,"y":19.700000762939454,"z":-2.4499998092651369},"rotation":{"x":0.05837860703468323,"y":-0.05477704480290413,"z":0.003208138979971409,"w":0.9967867136001587},"size":54.79948425292969,"orthographic":true}