{"cameraMode":{"drawMode":0,"name":"Shaded","section":"Shading Mode"},"sceneLighting":false,"audioPlay":false,"sceneViewState":{"showFog":true,"showMaterialUpdate":false,"showSkybox":false,"showFlares":true,"showImageEffects":true,"showParticleSystems":true},"in2DMode":false,"pivot":{"x":213.18263244628907,"y":-36875.14453125,"z":23687.0},"rotation":{"x":0.4001081883907318,"y":0.1849067211151123,"z":-0.08277347683906555,"w":0.8937966227531433},"size":17.728878021240236,"orthographic":false}