{"cameraMode":{"drawMode":0,"name":"Shaded","section":"Shading Mode"},"sceneLighting":true,"audioPlay":false,"sceneViewState":{"showFog":true,"showMaterialUpdate":true,"showSkybox":true,"showFlares":true,"showImageEffects":true,"showParticleSystems":true},"in2DMode":false,"pivot":{"x":294.40478515625,"y":-2.2738189697265627,"z":-52.00434875488281},"rotation":{"x":-0.4066590666770935,"y":0.008770291693508625,"z":-0.0038962634280323984,"w":-0.9135405421257019},"size":102.00727844238281,"orthographic":false}