{"cameraMode":{"drawMode":0,"name":"Shaded","section":"Shading Mode"},"sceneLighting":true,"audioPlay":false,"sceneViewState":{"showFog":true,"showMaterialUpdate":true,"showSkybox":true,"showFlares":true,"showImageEffects":true,"showParticleSystems":true},"in2DMode":false,"pivot":{"x":648.4326171875,"y":385.4192810058594,"z":200.44390869140626},"rotation":{"x":-0.09614291042089462,"y":0.0200033076107502,"z":-0.0019251435296609998,"w":-0.9951749444007874},"size":448.40740966796877,"orthographic":false}