{"cameraMode":{"drawMode":0,"name":"Shaded","section":"Shading Mode"},"sceneLighting":true,"audioPlay":false,"sceneViewState":{"showFog":true,"showMaterialUpdate":true,"showSkybox":true,"showFlares":true,"showImageEffects":true,"showParticleSystems":true},"in2DMode":false,"pivot":{"x":255.18911743164063,"y":-30.55657958984375,"z":-83.5272216796875},"rotation":{"x":-0.37489891052246096,"y":-0.010568492114543915,"z":0.00428196182474494,"w":-0.9270061254501343},"size":185.21604919433595,"orthographic":false}