{"cameraMode":{"drawMode":0,"name":"Shaded","section":"Shading Mode"},"sceneLighting":true,"audioPlay":false,"sceneViewState":{"showFog":true,"showMaterialUpdate":true,"showSkybox":true,"showFlares":true,"showImageEffects":true,"showParticleSystems":true},"in2DMode":false,"pivot":{"x":235.98342895507813,"y":109.13571166992188,"z":-3.113861083984375},"rotation":{"x":-0.29005196690559389,"y":-0.013781408779323101,"z":0.004184154327958822,"w":-0.9569129943847656},"size":262.4886474609375,"orthographic":false}