{"cameraMode":{"drawMode":0,"name":"Shaded","section":"Shading Mode"},"sceneLighting":true,"audioPlay":false,"sceneViewState":{"showFog":true,"showMaterialUpdate":true,"showSkybox":true,"showFlares":true,"showImageEffects":true,"showParticleSystems":true},"in2DMode":false,"pivot":{"x":1193.4193115234375,"y":462.61236572265627,"z":1015.72802734375},"rotation":{"x":0.12715481221675874,"y":-2.1158561125389498e-8,"z":-3.198049158825711e-9,"w":0.9918849468231201},"size":1002.9015502929688,"orthographic":false}