{"cameraMode":{"drawMode":0,"name":"Shaded","section":"Shading Mode"},"sceneLighting":true,"audioPlay":false,"sceneViewState":{"showFog":true,"showMaterialUpdate":true,"showSkybox":true,"showFlares":true,"showImageEffects":true,"showParticleSystems":true},"in2DMode":false,"pivot":{"x":1311.0643310546875,"y":619.1705932617188,"z":506.671630859375},"rotation":{"x":0.010498911142349244,"y":-0.011999095790088177,"z":0.00012600493209902197,"w":0.9998733401298523},"size":1065.8360595703125,"orthographic":false}