{"cameraMode":{"drawMode":0,"name":"Shaded","section":"Shading Mode"},"sceneLighting":true,"audioPlay":false,"sceneViewState":{"showFog":true,"showMaterialUpdate":true,"showSkybox":true,"showFlares":true,"showImageEffects":true,"showParticleSystems":true},"in2DMode":false,"pivot":{"x":84.89684295654297,"y":102.71632385253906,"z":18.101455688476564},"rotation":{"x":-0.3650134801864624,"y":0.02708463743329048,"z":-0.010622949339449406,"w":-0.9305578470230103},"size":303.1603698730469,"orthographic":false}