{"cameraMode":{"drawMode":0,"name":"Shaded","section":"Shading Mode"},"sceneLighting":true,"audioPlay":false,"sceneViewState":{"showFog":true,"showMaterialUpdate":true,"showSkybox":true,"showFlares":true,"showImageEffects":true,"showParticleSystems":true},"in2DMode":false,"pivot":{"x":249.53298950195313,"y":-649.9310913085938,"z":235.9524688720703},"rotation":{"x":0.4973003566265106,"y":0.006506705190986395,"z":-0.0037298197858035566,"w":0.8675476312637329},"size":521.6821899414063,"orthographic":false}