{"cameraMode":{"drawMode":0,"name":"Shaded","section":"Shading Mode"},"sceneLighting":false,"audioPlay":false,"sceneViewState":{"showFog":true,"showMaterialUpdate":true,"showSkybox":false,"showFlares":true,"showImageEffects":true,"showParticleSystems":true},"in2DMode":false,"pivot":{"x":0.0111922025680542,"y":0.39026525616645815,"z":1.3300000429153443},"rotation":{"x":0.12715481221675874,"y":-2.1158561125389498e-8,"z":-3.198049158825711e-9,"w":0.9918849468231201},"size":1.1819002628326417,"orthographic":false}