{"cameraMode":{"drawMode":0,"name":"Shaded","section":"Shading Mode"},"sceneLighting":true,"audioPlay":false,"sceneViewState":{"showFog":true,"showMaterialUpdate":true,"showSkybox":true,"showFlares":true,"showImageEffects":true,"showParticleSystems":true},"in2DMode":false,"pivot":{"x":260.9695739746094,"y":-21.89715576171875,"z":-74.61112976074219},"rotation":{"x":-0.45539113879203799,"y":0.003205357352271676,"z":-0.0016324330354109407,"w":-0.8902944922447205},"size":125.90968322753906,"orthographic":false}