{"cameraMode":{"drawMode":0,"name":"Shaded","section":"Shading Mode"},"sceneLighting":true,"audioPlay":false,"sceneViewState":{"showFog":true,"showMaterialUpdate":true,"showSkybox":true,"showFlares":true,"showImageEffects":true,"showParticleSystems":true},"in2DMode":false,"pivot":{"x":688.4024047851563,"y":333.5923156738281,"z":-14.534622192382813},"rotation":{"x":-0.045294925570487979,"y":-0.0009018881246447563,"z":0.000048077079554786906,"w":-0.9989833235740662},"size":414.15673828125,"orthographic":false}