{"cameraMode":{"drawMode":0,"name":"Shaded","section":"Shading Mode"},"sceneLighting":true,"audioPlay":false,"sceneViewState":{"showFog":true,"showMaterialUpdate":true,"showSkybox":true,"showFlares":true,"showImageEffects":true,"showParticleSystems":true},"in2DMode":false,"pivot":{"x":1242.99462890625,"y":405.90863037109377,"z":240.713134765625},"rotation":{"x":0.30508938431739809,"y":-0.0513928160071373,"z":0.016490884125232698,"w":0.9507930874824524},"size":674.71044921875,"orthographic":false}