{"cameraMode":{"drawMode":0,"name":"Shaded","section":"Shading Mode"},"sceneLighting":true,"audioPlay":false,"sceneViewState":{"showFog":true,"showMaterialUpdate":true,"showSkybox":true,"showFlares":true,"showImageEffects":true,"showParticleSystems":true},"in2DMode":false,"pivot":{"x":1063.0001220703125,"y":512.0,"z":1.0000076293945313},"rotation":{"x":-0.045294925570487979,"y":-0.0009018881246447563,"z":0.000048077079554786906,"w":-0.9989833235740662},"size":93.40770721435547,"orthographic":false}